{
    "mercury": {
        "a_au": 0.38709893,
        "da_au": 0.00000066,
        "e": 0.20563069,
        "de": 0.00002527,
        "inc_deg": 7.00487,
        "dinc_sec": -23.51,
        "raan_deg": 48.33167,
        "draan_sec": -446.30,
        "lop_deg": 77.4545,
        "dlop_sec": 573.57,
        "ml_deg": 252.25084,
        "dml_sec": 538101628.29
    },
    "venus": {
        "a_au": 0.72333199,
        "da_au": 0.00000092,
        "e": 0.00677323,
        "de": -0.00004938,
        "inc_deg": 3.39471,
        "dinc_sec": -2.86,
        "raan_deg": 76.68069,
        "draan_sec": -996.89,
        "lop_deg": 131.53298,
        "dlop_sec": -108.80,
        "ml_deg": 181.97973,
        "dml_sec": 210664136.06
    },
    "earth": {
        "a_au": 1.00000011,
        "da_au": -0.00000005,
        "e": 0.01671022,
        "de": -0.00003804,
        "inc_deg": -0.00005,
        "dinc_sec": 46.94,
        "raan_deg": -11.26064,
        "draan_sec": -18228.25,
        "lop_deg": 102.94719,
        "dlop_sec": 1198.28,
        "ml_deg": 100.46435,
        "dml_sec": 129597740.63
    },
    "mars": {
        "a_au": 1.52366231,
        "da_au": -0.00007221,
        "e": 0.09341233,
        "de": 0.00011902,
        "inc_deg": 1.85061,
        "dinc_sec": -25.47,
        "raan_deg": 49.57854,
        "draan_sec": -1020.19,
        "lop_deg": 336.04084,
        "dlop_sec": 1560.78,
        "ml_deg": 355.45332,
        "dml_sec": 68905103.78
    },
    "jupiter": {
        "a_au": 5.20336301,
        "da_au": 0.00060737,
        "e": 0.04839266,
        "de": -0.00012880,
        "inc_deg": 1.30530,
        "dinc_sec": -4.15,
        "raan_deg": 100.55615,
        "draan_sec": 1217.17,
        "lop_deg": 14.75385,
        "dlop_sec": 839.93,
        "ml_deg": 34.40438,
        "dml_sec": 10925078.35
    },
    "saturn": {
        "a_au": 9.53707032,
        "da_au": 0.00301530,
        "e": 0.05415060,
        "de": -0.00036762,
        "inc_deg": 2.48446,
        "dinc_sec": 6.11,
        "raan_deg": 113.71504,
        "draan_sec": -1591.05,
        "lop_deg": 92.43194,
        "dlop_sec": -1978.89,
        "ml_deg": 79.94432,
        "dml_sec": 4401052.95
    },
    "uranus": {
        "a_au": 19.19126393,
        "da_au": 0.00152025,
        "e": 0.04716771,
        "de": 0.00019150,
        "inc_deg": 0.76986,
        "dinc_sec": -2.09,
        "raan_deg": 74.22988,
        "draan_sec": -1681.4,
        "lop_deg": 170.96424,
        "dlop_sec": 1312.56,
        "ml_deg": 313.23218,
        "dml_sec": 1542547.79
    },
    "neptune": {
        "a_au": 30.06896348,
        "da_au": -0.00125196,
        "e": 0.00858587,
        "de": 0.00002514,
        "inc_deg": 1.76917,
        "dinc_sec": -3.64,
        "raan_deg": 131.72169,
        "draan_sec": -151.25,
        "lop_deg": 44.97135,
        "dlop_sec": -844.43,
        "ml_deg": 304.88003,
        "dml_sec": 786449.21
    },
    "pluto": {
        "a_au": 39.48168677,
        "da_au": -0.00076912,
        "e": 0.24880766,
        "de": 0.00006465,
        "inc_deg": 17.14175,
        "dinc_sec": 11.07,
        "raan_deg": 110.30347,
        "draan_sec": -37.33,
        "lop_deg": 224.06676,
        "dlop_sec": -132.25,
        "ml_deg": 238.92881,
        "dml_sec": 522747.90
    }
}